buchung_id,datum,artikel_typ,artikel_id,gebinde_id,bewegung,menge,menge_bis,einheit,mengen_basis,charge,einkaufspreis_gesamt_eur,preis_qualitaet,beleg_ref,abfuellung_ref,transaktion_ref,experiment_ref,status,quelle,notiz
B-01-Z,UNKNOWN,produkt,intense-cafe-500,G-01,zugang,500,,ml,nennmenge,256458521,33.80,ANGABE,,,,,RECORDED,"Mar, Bestandsaufnahme 2026-10-07",Kaufdatum und Beleg nachtragen (meist Sammelbestellung); Liefer-/Zollkostenanteil UNKNOWN
B-01-I,2026-10-07,produkt,intense-cafe-500,G-01,inventur,200,,ml,geschaetzt,256458521,,,,,,,RECORDED,"Mar, Bestandsaufnahme 2026-10-07","Füllstand per Augenmaß ca. 40 %; ml-Wert daraus abgeleitet, nur ca."
B-02-Z,UNKNOWN,produkt,erba-pura-500,G-02,zugang,500,,ml,nennmenge,336549852,34.81,ANGABE,,,,,RECORDED,"Mar, Bestandsaufnahme 2026-10-07",Kaufdatum und Beleg nachtragen (meist Sammelbestellung); Liefer-/Zollkostenanteil UNKNOWN
B-02-I,2026-10-07,produkt,erba-pura-500,G-02,inventur,325,,ml,geschaetzt,336549852,,,,,,,RECORDED,"Mar, Bestandsaufnahme 2026-10-07","Füllstand per Augenmaß ca. 65 %; ml-Wert daraus abgeleitet, nur ca."
B-03-Z,UNKNOWN,produkt,erba-pura-500,G-03,zugang,500,,ml,nennmenge,655241563,29.91,ANGABE,,,,,RECORDED,"Mar, Bestandsaufnahme 2026-10-07",Kaufdatum und Beleg nachtragen (meist Sammelbestellung); Liefer-/Zollkostenanteil UNKNOWN
B-03-I,2026-10-07,produkt,erba-pura-500,G-03,inventur,325,,ml,geschaetzt,655241563,,,,,,,RECORDED,"Mar, Bestandsaufnahme 2026-10-07","Füllstand per Augenmaß ca. 65 %; ml-Wert daraus abgeleitet, nur ca."
B-04-Z,UNKNOWN,produkt,arabians-tonka-500,G-04,zugang,500,,ml,nennmenge,100259887,31.93,ANGABE,,,,,RECORDED,"Mar, Bestandsaufnahme 2026-10-07",Kaufdatum und Beleg nachtragen (meist Sammelbestellung); Liefer-/Zollkostenanteil UNKNOWN
B-04-I,2026-10-07,produkt,arabians-tonka-500,G-04,inventur,425,,ml,geschaetzt,100259887,,,,,,,RECORDED,"Mar, Bestandsaufnahme 2026-10-07","Füllstand per Augenmaß ca. 85 %; ml-Wert daraus abgeleitet, nur ca."
B-05-Z,UNKNOWN,produkt,roja-aoud-500,G-05,zugang,500,,ml,nennmenge,695542157,43.47,ANGABE,,,,,RECORDED,"Mar, Bestandsaufnahme 2026-10-07",Kaufdatum und Beleg nachtragen (meist Sammelbestellung); Liefer-/Zollkostenanteil UNKNOWN
B-05-I,2026-10-07,produkt,roja-aoud-500,G-05,inventur,300,325,ml,geschaetzt,695542157,,,,,,,RECORDED,"Mar, Bestandsaufnahme 2026-10-07","Füllstand per Augenmaß ca. 60–65 %; ml-Wert daraus abgeleitet, nur ca."
B-06-Z,UNKNOWN,produkt,alexandria-ii-500,G-06,zugang,500,,ml,nennmenge,465988751,40.44,ANGABE,,,,,RECORDED,"Mar, Bestandsaufnahme 2026-10-07",Kaufdatum und Beleg nachtragen (meist Sammelbestellung); Liefer-/Zollkostenanteil UNKNOWN
B-06-I,2026-10-07,produkt,alexandria-ii-500,G-06,inventur,360,,ml,geschaetzt,465988751,,,,,,,RECORDED,"Mar, Bestandsaufnahme 2026-10-07","Füllstand per Augenmaß ca. 72 %; ml-Wert daraus abgeleitet, nur ca."
B-07-Z,UNKNOWN,produkt,baccarat-rouge-540-500,G-07,zugang,500,,ml,nennmenge,655012548,34.24,ANGABE,,,,,RECORDED,"Mar, Bestandsaufnahme 2026-10-07",Kaufdatum und Beleg nachtragen (meist Sammelbestellung); Liefer-/Zollkostenanteil UNKNOWN
B-07-I,2026-10-07,produkt,baccarat-rouge-540-500,G-07,inventur,440,,ml,geschaetzt,655012548,,,,,,,RECORDED,"Mar, Bestandsaufnahme 2026-10-07","Füllstand per Augenmaß ca. 88 %; ml-Wert daraus abgeleitet, nur ca."
B-08-Z,UNKNOWN,produkt,oud-maracuja-500,G-08,zugang,500,,ml,nennmenge,469521549,45.64,ANGABE,,,,,RECORDED,"Mar, Bestandsaufnahme 2026-10-07",Kaufdatum und Beleg nachtragen (meist Sammelbestellung); Liefer-/Zollkostenanteil UNKNOWN
B-08-I,2026-10-07,produkt,oud-maracuja-500,G-08,inventur,400,,ml,geschaetzt,469521549,,,,,,,RECORDED,"Mar, Bestandsaufnahme 2026-10-07","Füllstand per Augenmaß ca. 80 %; ml-Wert daraus abgeleitet, nur ca."
B-09-Z,UNKNOWN,produkt,ombre-nomade-500,G-09,zugang,500,,ml,nennmenge,698445987,38.86,ANGABE,,,,,RECORDED,"Mar, Bestandsaufnahme 2026-10-07",Kaufdatum und Beleg nachtragen (meist Sammelbestellung); Liefer-/Zollkostenanteil UNKNOWN
B-09-I,2026-10-07,produkt,ombre-nomade-500,G-09,inventur,250,,ml,geschaetzt,698445987,,,,,,,RECORDED,"Mar, Bestandsaufnahme 2026-10-07","Füllstand per Augenmaß ca. 50 %; ml-Wert daraus abgeleitet, nur ca."
B-10-Z,UNKNOWN,produkt,naxos-500,G-10,zugang,500,,ml,nennmenge,289554723,22.65,ANGABE,,,,,RECORDED,"Mar, Bestandsaufnahme 2026-10-07",Kaufdatum und Beleg nachtragen (meist Sammelbestellung); Liefer-/Zollkostenanteil UNKNOWN
B-10-I,2026-10-07,produkt,naxos-500,G-10,inventur,95,,ml,geschaetzt,289554723,,,,,,,RECORDED,"Mar, Bestandsaufnahme 2026-10-07","Füllstand per Augenmaß ca. 19 %; ml-Wert daraus abgeleitet, nur ca."
B-11-Z,UNKNOWN,produkt,ombre-leather-500,G-11,zugang,500,,ml,nennmenge,320056542,31.64,ANGABE,,,,,RECORDED,"Mar, Bestandsaufnahme 2026-10-07",Kaufdatum und Beleg nachtragen (meist Sammelbestellung); Liefer-/Zollkostenanteil UNKNOWN
B-11-I,2026-10-07,produkt,ombre-leather-500,G-11,inventur,350,,ml,geschaetzt,320056542,,,,,,,RECORDED,"Mar, Bestandsaufnahme 2026-10-07","Füllstand per Augenmaß ca. 70 %; ml-Wert daraus abgeleitet, nur ca."
B-12-Z,UNKNOWN,produkt,pacific-chill-500,G-12,zugang,500,,ml,nennmenge,210056984,37.12,ANGABE,,,,,RECORDED,"Mar, Bestandsaufnahme 2026-10-07",Kaufdatum und Beleg nachtragen (meist Sammelbestellung); Liefer-/Zollkostenanteil UNKNOWN
B-12-I,2026-10-07,produkt,pacific-chill-500,G-12,inventur,400,,ml,geschaetzt,210056984,,,,,,,RECORDED,"Mar, Bestandsaufnahme 2026-10-07","Füllstand per Augenmaß ca. 80 %; ml-Wert daraus abgeleitet, nur ca."
B-13-Z,UNKNOWN,produkt,imagination-500,G-13,zugang,500,,ml,nennmenge,205548621,38,CA_ANGABE,,,,,RECORDED,"Mar, Bestandsaufnahme 2026-10-07",Kaufdatum und Beleg nachtragen (meist Sammelbestellung); Liefer-/Zollkostenanteil UNKNOWN; Preis nur ca. 38 €
B-13-I,2026-10-07,produkt,imagination-500,G-13,inventur,150,,ml,geschaetzt,205548621,,,,,,,RECORDED,"Mar, Bestandsaufnahme 2026-10-07","Füllstand per Augenmaß ca. 30 %; ml-Wert daraus abgeleitet, nur ca."
B-14-Z,UNKNOWN,produkt,fucking-fabulous-500,G-14,zugang,500,,ml,nennmenge,966589651,23.27,ANGABE,,,,,RECORDED,"Mar, Bestandsaufnahme 2026-10-07",Kaufdatum und Beleg nachtragen (meist Sammelbestellung); Liefer-/Zollkostenanteil UNKNOWN
B-14-I,2026-10-07,produkt,fucking-fabulous-500,G-14,inventur,425,,ml,geschaetzt,966589651,,,,,,,RECORDED,"Mar, Bestandsaufnahme 2026-10-07","Füllstand per Augenmaß ca. 85 %; ml-Wert daraus abgeleitet, nur ca."
B-15-Z,UNKNOWN,produkt,blonde-amber-500,G-15,zugang,500,,ml,nennmenge,647715421,60.07,ANGABE,,,,,RECORDED,"Mar, Bestandsaufnahme 2026-10-07",Kaufdatum und Beleg nachtragen (meist Sammelbestellung); Liefer-/Zollkostenanteil UNKNOWN
B-15-I,2026-10-07,produkt,blonde-amber-500,G-15,inventur,450,,ml,geschaetzt,647715421,,,,,,,RECORDED,"Mar, Bestandsaufnahme 2026-10-07","Füllstand per Augenmaß ca. 90 %; ml-Wert daraus abgeleitet, nur ca."
B-16-Z,UNKNOWN,produkt,aventus-500,G-16,zugang,500,,ml,nennmenge,321024450,44.34,ANGABE,,,,,RECORDED,"Mar, Bestandsaufnahme 2026-10-07",Kaufdatum und Beleg nachtragen (meist Sammelbestellung); Liefer-/Zollkostenanteil UNKNOWN
B-16-I,2026-10-07,produkt,aventus-500,G-16,inventur,385,,ml,geschaetzt,321024450,,,,,,,RECORDED,"Mar, Bestandsaufnahme 2026-10-07","Füllstand per Augenmaß ca. 77 %; ml-Wert daraus abgeleitet, nur ca."
B-17-Z,UNKNOWN,produkt,velvet-vanilla-1000,G-17,zugang,1000,,ml,nennmenge,UNKNOWN,UNKNOWN,UNKNOWN,,,,,RECORDED,"Mar, Bestandsaufnahme 2026-10-07","Kaufdatum und Beleg nachtragen (meist Sammelbestellung); Liefer-/Zollkostenanteil UNKNOWN; laut Mar (07.10.): eine der beiden 1-l-Flaschen ca. 90 €, die andere gratis – welche, ist offen"
B-17-I,2026-10-07,produkt,velvet-vanilla-1000,G-17,inventur,1000,,ml,geschaetzt,UNKNOWN,,,,,,,RECORDED,"Mar, Bestandsaufnahme 2026-10-07","Füllstand per Augenmaß ungeöffnet, ca. 100 %; ml-Wert daraus abgeleitet, nur ca."
B-18-Z,UNKNOWN,produkt,velvet-vanilla-1000,G-18,zugang,1000,,ml,nennmenge,884562548,UNKNOWN,UNKNOWN,,,,,RECORDED,"Mar, Bestandsaufnahme 2026-10-07","Kaufdatum und Beleg nachtragen (meist Sammelbestellung); Liefer-/Zollkostenanteil UNKNOWN; laut Mar (07.10.): eine der beiden 1-l-Flaschen ca. 90 €, die andere gratis – welche, ist offen"
B-18-I,2026-10-07,produkt,velvet-vanilla-1000,G-18,inventur,570,,ml,geschaetzt,884562548,,,,,,,RECORDED,"Mar, Bestandsaufnahme 2026-10-07","Füllstand per Augenmaß ca. 57 %; ml-Wert daraus abgeleitet, nur ca."
