duft_id,name,lieferant_ref,lieferanten_bezeichnung,duftoel_anteil_pct,status,quelle,notiz
intense-cafe,,tomorrow-brand,Intense Café,30,RECORDED,"Mar, Bestandsaufnahme 2026-10-07","Bezeichnung wie von Mar angegeben, als Fabrikbezeichnung abgelegt (zu bestätigen); Azizam-Name UNKNOWN. Nicht in Kundentexten verwenden (Verbotsliste: keine fremden Markennamen)"
erba-pura,,tomorrow-brand,Erba Pura,30,RECORDED,"Mar, Bestandsaufnahme 2026-10-07","Bezeichnung wie von Mar angegeben, als Fabrikbezeichnung abgelegt (zu bestätigen); Azizam-Name UNKNOWN. Nicht in Kundentexten verwenden (Verbotsliste: keine fremden Markennamen)"
arabians-tonka,,tomorrow-brand,Arabians Tonka,30,RECORDED,"Mar, Bestandsaufnahme 2026-10-07","Bezeichnung wie von Mar angegeben, als Fabrikbezeichnung abgelegt (zu bestätigen); Azizam-Name UNKNOWN. Nicht in Kundentexten verwenden (Verbotsliste: keine fremden Markennamen)"
roja-aoud,,tomorrow-brand,Roja Aoud,30,RECORDED,"Mar, Bestandsaufnahme 2026-10-07","Bezeichnung wie von Mar angegeben, als Fabrikbezeichnung abgelegt (zu bestätigen); Azizam-Name UNKNOWN. Nicht in Kundentexten verwenden (Verbotsliste: keine fremden Markennamen)"
alexandria-ii,,tomorrow-brand,Alexandria II,30,RECORDED,"Mar, Bestandsaufnahme 2026-10-07","Bezeichnung wie von Mar angegeben, als Fabrikbezeichnung abgelegt (zu bestätigen); Azizam-Name UNKNOWN. Nicht in Kundentexten verwenden (Verbotsliste: keine fremden Markennamen)"
baccarat-rouge-540,,tomorrow-brand,Baccarat Rouge 540,30,RECORDED,"Mar, Bestandsaufnahme 2026-10-07","Bezeichnung wie von Mar angegeben, als Fabrikbezeichnung abgelegt (zu bestätigen); Azizam-Name UNKNOWN. Nicht in Kundentexten verwenden (Verbotsliste: keine fremden Markennamen)"
oud-maracuja,,tomorrow-brand,Oud Maracujá,30,RECORDED,"Mar, Bestandsaufnahme 2026-10-07","Bezeichnung wie von Mar angegeben, als Fabrikbezeichnung abgelegt (zu bestätigen); Azizam-Name UNKNOWN. Nicht in Kundentexten verwenden (Verbotsliste: keine fremden Markennamen)"
ombre-nomade,,tomorrow-brand,Ombre Nomade,30,RECORDED,"Mar, Bestandsaufnahme 2026-10-07","Bezeichnung wie von Mar angegeben, als Fabrikbezeichnung abgelegt (zu bestätigen); Azizam-Name UNKNOWN. Nicht in Kundentexten verwenden (Verbotsliste: keine fremden Markennamen)"
naxos,,tomorrow-brand,Naxos,30,RECORDED,"Mar, Bestandsaufnahme 2026-10-07","Bezeichnung wie von Mar angegeben, als Fabrikbezeichnung abgelegt (zu bestätigen); Azizam-Name UNKNOWN. Nicht in Kundentexten verwenden (Verbotsliste: keine fremden Markennamen)"
ombre-leather,,tomorrow-brand,Ombré Leather,30,RECORDED,"Mar, Bestandsaufnahme 2026-10-07","Bezeichnung wie von Mar angegeben, als Fabrikbezeichnung abgelegt (zu bestätigen); Azizam-Name UNKNOWN. Nicht in Kundentexten verwenden (Verbotsliste: keine fremden Markennamen)"
pacific-chill,,tomorrow-brand,Pacific Chill,30,RECORDED,"Mar, Bestandsaufnahme 2026-10-07","Bezeichnung wie von Mar angegeben, als Fabrikbezeichnung abgelegt (zu bestätigen); Azizam-Name UNKNOWN. Nicht in Kundentexten verwenden (Verbotsliste: keine fremden Markennamen)"
imagination,,tomorrow-brand,Imagination,30,RECORDED,"Mar, Bestandsaufnahme 2026-10-07","Bezeichnung wie von Mar angegeben, als Fabrikbezeichnung abgelegt (zu bestätigen); Azizam-Name UNKNOWN. Nicht in Kundentexten verwenden (Verbotsliste: keine fremden Markennamen)"
fucking-fabulous,,tomorrow-brand,Fucking Fabulous,30,RECORDED,"Mar, Bestandsaufnahme 2026-10-07","Bezeichnung wie von Mar angegeben, als Fabrikbezeichnung abgelegt (zu bestätigen); Azizam-Name UNKNOWN. Nicht in Kundentexten verwenden (Verbotsliste: keine fremden Markennamen)"
blonde-amber,,tomorrow-brand,Blonde Amber,30,RECORDED,"Mar, Bestandsaufnahme 2026-10-07","Bezeichnung wie von Mar angegeben, als Fabrikbezeichnung abgelegt (zu bestätigen); Azizam-Name UNKNOWN. Nicht in Kundentexten verwenden (Verbotsliste: keine fremden Markennamen)"
aventus,,tomorrow-brand,Aventus,30,RECORDED,"Mar, Bestandsaufnahme 2026-10-07","Bezeichnung wie von Mar angegeben, als Fabrikbezeichnung abgelegt (zu bestätigen); Azizam-Name UNKNOWN. Nicht in Kundentexten verwenden (Verbotsliste: keine fremden Markennamen)"
velvet-vanilla,Velvet Vanilla,tomorrow-brand,Vanilla Powder,30,RECORDED,"Mar, Bestandsaufnahme 2026-10-07",Azizam-Name und Fabrikbezeichnung von Mar angegeben
les-sables-roses,,tomorrow-brand,Les Sables Roses,30,RECORDED,"Mar, Zugang 2026-10-07","Bezeichnung wie von Mar angegeben (Mar nennt dazu Louis Vuitton), als Fabrikbezeichnung abgelegt (zu bestätigen); Azizam-Name UNKNOWN. Nicht in Kundentexten verwenden (Verbotsliste: keine fremden Markennamen)"
