produkt_id,typ,duft,groesse_ml,produktversion,quelle_produkt_id,stueckliste_id,lieferant_ref,lebenszyklus,status,quelle,stand,notiz
narcos-500,quellgebinde,Narcos,500,v0,,gebinde-500,parfumfabrik,in_klaerung,RECORDED,"KONTEXT-EXPORT.md: Fertigparfum 38 € je 500 ml (Angabe Mar, 09/2026); Duftname: alter Live-Shop",2026-10-05,Bestand und Charge unbekannt; Lieferantenname nicht im Repo
narcos-30,verkaufsvariante,Narcos,30,v0-entwurf,narcos-500,sv-30,parfumfabrik,in_klaerung,RECORDED,"SYNC.md: Start mit 30 und 50 ml (Mar, 03.10.2026)",2026-10-05,"Flakon, Verschluss und Etikett nicht gewählt; Version erst danach festlegbar"
narcos-50,verkaufsvariante,Narcos,50,v0-entwurf,narcos-500,sv-50,parfumfabrik,in_klaerung,RECORDED,"SYNC.md: Start mit 30 und 50 ml (Mar, 03.10.2026)",2026-10-05,"Flakon, Verschluss und Etikett nicht gewählt; Version erst danach festlegbar"
narcos-p2,probe,Narcos,2,v0-entwurf,narcos-500,probe-2,parfumfabrik,idee,RECORDED,"brand-briefing.md: Discovery-Set 3 × 2 ml (Idee; Preis 9,99 € vs. 12 € in Kap. 07 widersprüchlich)",2026-10-05,"nur Idee; kein Preis, kein Röhrchen gewählt"
midnight-cafe-500,quellgebinde,Midnight Café,500,v0,,gebinde-500,parfumfabrik,in_klaerung,RECORDED,"KONTEXT-EXPORT.md: Fertigparfum 38 € je 500 ml (Angabe Mar, 09/2026); Duftname: alter Live-Shop",2026-10-05,Bestand und Charge unbekannt; Lieferantenname nicht im Repo
midnight-cafe-30,verkaufsvariante,Midnight Café,30,v0-entwurf,midnight-cafe-500,sv-30,parfumfabrik,in_klaerung,RECORDED,"SYNC.md: Start mit 30 und 50 ml (Mar, 03.10.2026)",2026-10-05,"Flakon, Verschluss und Etikett nicht gewählt; Version erst danach festlegbar"
midnight-cafe-50,verkaufsvariante,Midnight Café,50,v0-entwurf,midnight-cafe-500,sv-50,parfumfabrik,in_klaerung,RECORDED,"SYNC.md: Start mit 30 und 50 ml (Mar, 03.10.2026)",2026-10-05,"Flakon, Verschluss und Etikett nicht gewählt; Version erst danach festlegbar"
midnight-cafe-p2,probe,Midnight Café,2,v0-entwurf,midnight-cafe-500,probe-2,parfumfabrik,idee,RECORDED,"brand-briefing.md: Discovery-Set 3 × 2 ml (Idee; Preis 9,99 € vs. 12 € in Kap. 07 widersprüchlich)",2026-10-05,"nur Idee; kein Preis, kein Röhrchen gewählt"
erba-bomb-500,quellgebinde,Erba Bomb,500,v0,,gebinde-500,parfumfabrik,in_klaerung,RECORDED,"KONTEXT-EXPORT.md: Fertigparfum 38 € je 500 ml (Angabe Mar, 09/2026); Duftname: alter Live-Shop",2026-10-05,Bestand und Charge unbekannt; Lieferantenname nicht im Repo
erba-bomb-30,verkaufsvariante,Erba Bomb,30,v0-entwurf,erba-bomb-500,sv-30,parfumfabrik,in_klaerung,RECORDED,"SYNC.md: Start mit 30 und 50 ml (Mar, 03.10.2026)",2026-10-05,"Flakon, Verschluss und Etikett nicht gewählt; Version erst danach festlegbar"
erba-bomb-50,verkaufsvariante,Erba Bomb,50,v0-entwurf,erba-bomb-500,sv-50,parfumfabrik,in_klaerung,RECORDED,"SYNC.md: Start mit 30 und 50 ml (Mar, 03.10.2026)",2026-10-05,"Flakon, Verschluss und Etikett nicht gewählt; Version erst danach festlegbar"
erba-bomb-p2,probe,Erba Bomb,2,v0-entwurf,erba-bomb-500,probe-2,parfumfabrik,idee,RECORDED,"brand-briefing.md: Discovery-Set 3 × 2 ml (Idee; Preis 9,99 € vs. 12 € in Kap. 07 widersprüchlich)",2026-10-05,"nur Idee; kein Preis, kein Röhrchen gewählt"
imaginary-500,quellgebinde,Imaginary,500,v0,,gebinde-500,parfumfabrik,in_klaerung,RECORDED,"KONTEXT-EXPORT.md: Fertigparfum 38 € je 500 ml (Angabe Mar, 09/2026); Duftname: alter Live-Shop",2026-10-05,Bestand und Charge unbekannt; Lieferantenname nicht im Repo
imaginary-30,verkaufsvariante,Imaginary,30,v0-entwurf,imaginary-500,sv-30,parfumfabrik,in_klaerung,RECORDED,"SYNC.md: Start mit 30 und 50 ml (Mar, 03.10.2026)",2026-10-05,"Flakon, Verschluss und Etikett nicht gewählt; Version erst danach festlegbar"
imaginary-50,verkaufsvariante,Imaginary,50,v0-entwurf,imaginary-500,sv-50,parfumfabrik,in_klaerung,RECORDED,"SYNC.md: Start mit 30 und 50 ml (Mar, 03.10.2026)",2026-10-05,"Flakon, Verschluss und Etikett nicht gewählt; Version erst danach festlegbar"
imaginary-p2,probe,Imaginary,2,v0-entwurf,imaginary-500,probe-2,parfumfabrik,idee,RECORDED,"brand-briefing.md: Discovery-Set 3 × 2 ml (Idee; Preis 9,99 € vs. 12 € in Kap. 07 widersprüchlich)",2026-10-05,"nur Idee; kein Preis, kein Röhrchen gewählt"
goldstaub-ii-500,quellgebinde,Goldstaub II.,500,v0,,gebinde-500,parfumfabrik,in_klaerung,RECORDED,"KONTEXT-EXPORT.md: Fertigparfum 38 € je 500 ml (Angabe Mar, 09/2026); Duftname: alter Live-Shop",2026-10-05,Bestand und Charge unbekannt; Lieferantenname nicht im Repo
goldstaub-ii-30,verkaufsvariante,Goldstaub II.,30,v0-entwurf,goldstaub-ii-500,sv-30,parfumfabrik,in_klaerung,RECORDED,"SYNC.md: Start mit 30 und 50 ml (Mar, 03.10.2026)",2026-10-05,"Flakon, Verschluss und Etikett nicht gewählt; Version erst danach festlegbar"
goldstaub-ii-50,verkaufsvariante,Goldstaub II.,50,v0-entwurf,goldstaub-ii-500,sv-50,parfumfabrik,in_klaerung,RECORDED,"SYNC.md: Start mit 30 und 50 ml (Mar, 03.10.2026)",2026-10-05,"Flakon, Verschluss und Etikett nicht gewählt; Version erst danach festlegbar"
goldstaub-ii-p2,probe,Goldstaub II.,2,v0-entwurf,goldstaub-ii-500,probe-2,parfumfabrik,idee,RECORDED,"brand-briefing.md: Discovery-Set 3 × 2 ml (Idee; Preis 9,99 € vs. 12 € in Kap. 07 widersprüchlich)",2026-10-05,"nur Idee; kein Preis, kein Röhrchen gewählt"
velvet-vanilla-500,quellgebinde,Velvet Vanilla,500,v0,,gebinde-500,parfumfabrik,in_klaerung,RECORDED,"KONTEXT-EXPORT.md: Fertigparfum 38 € je 500 ml (Angabe Mar, 09/2026); Duftname: alter Live-Shop",2026-10-05,Bestand und Charge unbekannt; Lieferantenname nicht im Repo
velvet-vanilla-30,verkaufsvariante,Velvet Vanilla,30,v0-entwurf,velvet-vanilla-500,sv-30,parfumfabrik,in_klaerung,RECORDED,"SYNC.md: Start mit 30 und 50 ml (Mar, 03.10.2026)",2026-10-05,"Flakon, Verschluss und Etikett nicht gewählt; Version erst danach festlegbar"
velvet-vanilla-50,verkaufsvariante,Velvet Vanilla,50,v0-entwurf,velvet-vanilla-500,sv-50,parfumfabrik,in_klaerung,RECORDED,"SYNC.md: Start mit 30 und 50 ml (Mar, 03.10.2026)",2026-10-05,"Flakon, Verschluss und Etikett nicht gewählt; Version erst danach festlegbar"
velvet-vanilla-p2,probe,Velvet Vanilla,2,v0-entwurf,velvet-vanilla-500,probe-2,parfumfabrik,idee,RECORDED,"brand-briefing.md: Discovery-Set 3 × 2 ml (Idee; Preis 9,99 € vs. 12 € in Kap. 07 widersprüchlich)",2026-10-05,"nur Idee; kein Preis, kein Röhrchen gewählt"
kings-perfume-500,quellgebinde,Kings Perfume,500,v0,,gebinde-500,parfumfabrik,in_klaerung,RECORDED,"KONTEXT-EXPORT.md: Fertigparfum 38 € je 500 ml (Angabe Mar, 09/2026); Duftname: alter Live-Shop",2026-10-05,Bestand und Charge unbekannt; Lieferantenname nicht im Repo
kings-perfume-30,verkaufsvariante,Kings Perfume,30,v0-entwurf,kings-perfume-500,sv-30,parfumfabrik,in_klaerung,RECORDED,"SYNC.md: Start mit 30 und 50 ml (Mar, 03.10.2026)",2026-10-05,"Flakon, Verschluss und Etikett nicht gewählt; Version erst danach festlegbar"
kings-perfume-50,verkaufsvariante,Kings Perfume,50,v0-entwurf,kings-perfume-500,sv-50,parfumfabrik,in_klaerung,RECORDED,"SYNC.md: Start mit 30 und 50 ml (Mar, 03.10.2026)",2026-10-05,"Flakon, Verschluss und Etikett nicht gewählt; Version erst danach festlegbar"
kings-perfume-p2,probe,Kings Perfume,2,v0-entwurf,kings-perfume-500,probe-2,parfumfabrik,idee,RECORDED,"brand-briefing.md: Discovery-Set 3 × 2 ml (Idee; Preis 9,99 € vs. 12 € in Kap. 07 widersprüchlich)",2026-10-05,"nur Idee; kein Preis, kein Röhrchen gewählt"
